title	year	doi	score	best_rank	url
What could evolve in the evolution of memory?	2025	10.1098/rstb.2024.0109	9	1	https://doi.org/10.1098/rstb.2024.0109
Gene regulation, phenotypic memory, and selection in fluctuating environments	2025	10.1101/2025.06.23.661119	7	1	https://doi.org/10.1101/2025.06.23.661119
Decisions and the evolution of memory: Multiple systems, multiple functions.	2002	10.1037/0033-295x.109.2.306	6	1	https://doi.org/10.1037/0033-295x.109.2.306
The shape of dark matter haloes in the Aquarius simulations: evolution and memory	2011	10.1111/j.1365-2966.2011.19134.x	6	2	https://doi.org/10.1111/j.1365-2966.2011.19134.x
On the Evolution of Memory: A Time for Clocks	2012	10.3389/fnmol.2012.00023	6	3	https://doi.org/10.3389/fnmol.2012.00023
Reduced phenotypic plasticity evolves in less predictable environments	2020	10.1111/ele.13598	6	4	https://doi.org/10.1111/ele.13598
How Quantum Evolution with Memory is Generated in a Time-Local Way	2021		6	5	https://openalex.org/W3165018278
Effects of Cellular Memory and Adaptation Cost on Optimal Survival in Fluctuating Environments	2025	10.1101/2025.05.24.655868	6	6	https://doi.org/10.1101/2025.05.24.655868
How Quantum Evolution with Memory is Generated in a Time-Local Way	2021	10.1103/physrevx.11.021041	6	6	https://doi.org/10.1103/physrevx.11.021041
The evolutionary origins of memory use in navigation	2009		6	6	https://openalex.org/W102076660
Heterogeneous Differential Evolution with Memory Enhanced Brownian and Quantum Individuals for Dynamic Optimization Problems	2017	10.1142/s0218001418590036	6	7	https://doi.org/10.1142/s0218001418590036
Segregation-to-integration transformation model of memory evolution	2024	10.1162/netn_a_00415	6	7	https://doi.org/10.1162/netn_a_00415
Evolution of memory system‐related genes	2021	10.1002/2211-5463.13224	6	8	https://doi.org/10.1002/2211-5463.13224
Phenotypic plasticity evolves at multiple biological levels in response to environmental predictability in a long-term experiment with a halotolerant microalga	2023	10.1371/journal.pbio.3001895	6	11	https://doi.org/10.1371/journal.pbio.3001895
The evolutionary origin of Bayesian heuristics and finite memory.	2021	10.1016/j.isci.2021.102853	6	12	https://doi.org/10.1016/j.isci.2021.102853
Unified microscopic theory of stress relaxation, structural evolution, and memory effects in dense glass forming Brownian suspensions after flow cessation	2026	10.1122/8.0001159	6	12	https://doi.org/10.1122/8.0001159
The evolution of episodic-like memory: the importance of biological and ecological constraints	2021	10.1007/s10539-021-09785-3	6	13	https://doi.org/10.1007/s10539-021-09785-3
Exploring links between climatic predictability and the evolution of within‐ and transgenerational plasticity	2022	10.1002/ece3.9662	6	15	https://doi.org/10.1002/ece3.9662
Self-evolving cognitive substrates through metabolic data processing and recursive self-representation with autonomous memory prioritization mechanisms.	2025	10.3389/frai.2025.1689727	6	18	https://doi.org/10.3389/frai.2025.1689727
The role of intrinsic excitability in the evolution of memory: Significance in memory allocation, consolidation, and updating.	2020	10.1016/j.nlm.2020.107266	6	19	https://doi.org/10.1016/j.nlm.2020.107266
Modeling Coevolution between Language and Memory Capacity during Language Origin.	2015	10.1371/journal.pone.0142281	6	29	https://doi.org/10.1371/journal.pone.0142281
Facing the future: Memory as an evolved system for planning future acts	2009	10.3758/mc.38.1.13	6	33	https://doi.org/10.3758/mc.38.1.13
Evolvable AI: Threats of a new major transition in evolution.	2026	10.1073/pnas.2527700123	6	66	https://doi.org/10.1073/pnas.2527700123
Adaptation to Temporally Fluctuating Environments by the Evolution of Maternal Effects	2016	10.1371/journal.pbio.1002388	5	1	https://doi.org/10.1371/journal.pbio.1002388
Memory and Fitness Optimization of Bacteria under Fluctuating Environments	2014	10.1371/journal.pgen.1004556	5	3	https://doi.org/10.1371/journal.pgen.1004556
Experimental evolution of environmental tolerance, acclimation, and physiological plasticity in a randomly fluctuating environment	2022	10.1002/evl3.306	5	5	https://doi.org/10.1002/evl3.306
Eco-evolutionary dynamics of cooperative antimicrobial resistance in a population of fluctuating volume and size	2024	10.1088/1751-8121/ad4ad6	5	18	https://doi.org/10.1088/1751-8121/ad4ad6
Memory improves precision of cell sensing in fluctuating environments	2014	10.1038/srep05688	5	28	https://doi.org/10.1038/srep05688
Pervasive Linked Selection and Intermediate-Frequency Alleles Are Implicated in an Evolve-and-Resequencing Experiment of Drosophila simulans	2018	10.1534/genetics.118.301824	5	29	https://doi.org/10.1534/genetics.118.301824
The OPRM1 A118G G Allele Is Associated With Poorer Auditory-Verbal Learning and Memory, Executive Functions, and Working Memory in Veterans Undergoing Residential Treatment for Alcohol Use Disorder.	2026	10.1111/acer.70385	4	1	https://doi.org/10.1111/acer.70385
A Phenotype-Structured PDE Framework for Investigating the Role of Hypoxic Memory on Tumor Invasion under Cyclic Hypoxia.	2026	10.1007/s11538-025-01591-2	4	2	https://doi.org/10.1007/s11538-025-01591-2
Phenotypic memory in Bacillus subtilis links dormancy entry and exit by a spore quantity-quality tradeoff	2017	10.1038/s41467-017-02477-1	4	2	https://doi.org/10.1038/s41467-017-02477-1
Phenotypic memory in quorum sensing	2024	10.1371/journal.pcbi.1011696	4	3	https://doi.org/10.1371/journal.pcbi.1011696
Mushroom body output neurons encode valence and guide memory-based action selection in Drosophila	2014	10.7554/elife.04580	4	4	https://doi.org/10.7554/elife.04580
The evolutionary advantage of heritable phenotypic heterogeneity	2017	10.1038/s41598-017-05214-2	4	7	https://doi.org/10.1038/s41598-017-05214-2
Evolution of epigenetic transmission when selection acts on fecundity versus viability.	2021	10.1098/rstb.2020.0128	4	9	https://doi.org/10.1098/rstb.2020.0128
Adaptive epigenetic memory of ancestral temperature regime in Arabidopsis thaliana This paper is one of a selection of papers published in a Special Issue from the National Research Council of Canada – Plant Biotechnology Institute.	2009	10.1139/b09-030	4	15	https://doi.org/10.1139/b09-030
Evolutionary Rescue Through Partly Heritable Phenotypic Variability.	2019	10.1534/genetics.118.301758	4	15	https://doi.org/10.1534/genetics.118.301758
Phenotypic memory drives population growth and extinction risk in a noisy environment.	2020	10.1038/s41559-019-1089-6	4	16	https://doi.org/10.1038/s41559-019-1089-6
The evolution of social learning as phenotypic cue integration	2021	10.1098/rstb.2020.0048	4	19	https://doi.org/10.1098/rstb.2020.0048
Model genotype-phenotype mappings and the algorithmic structure of evolution.	2019	10.1098/rsif.2019.0332	4	29	https://doi.org/10.1098/rsif.2019.0332
Assembly theory explains and quantifies selection and evolution	2023	10.1038/s41586-023-06600-9	4	38	https://doi.org/10.1038/s41586-023-06600-9
Evolutionary signals of selection on cognition from the great tit genome and methylome	2016	10.1038/ncomms10474	4	42	https://doi.org/10.1038/ncomms10474
An improved human memory algorithm with multi-directional and chaotic approaches for global optimization and energy-efficient cluster head selection in WSNs.	2026	10.1038/s41598-026-61131-3	4	47	https://doi.org/10.1038/s41598-026-61131-3
Clonal evolution in gastrointestinal cancers: multi-omics insights into tumor heterogeneity, microenvironmental selection, and translational biomarkers.	2026	10.3389/fonc.2026.1907210	4	48	https://doi.org/10.3389/fonc.2026.1907210
A Case Study of the De Novo Evolution of a Complex Odometric Behavior in Digital Organisms	2013	10.1371/journal.pone.0060466	3	1	https://doi.org/10.1371/journal.pone.0060466
Evolution and behavioural responses to human‐induced rapid environmental change	2011	10.1111/j.1752-4571.2010.00166.x	3	1	https://doi.org/10.1111/j.1752-4571.2010.00166.x
MEGA11: Molecular Evolutionary Genetics Analysis Version 11	2021	10.1093/molbev/msab120	3	1	https://doi.org/10.1093/molbev/msab120
Plant defence priming and memory mechanisms under climate change.	2026	10.1042/ebc20250050	3	1	https://doi.org/10.1042/ebc20250050
Where We Go From Here: Harnessing Queer Perspectives to Advance Practice in Ecology and Evolutionary Biology.	2026	10.1002/ece3.73063	3	1	https://doi.org/10.1002/ece3.73063
Brain-Derived Neurotrophic Factor val 66 met Polymorphism Affects Human Memory-Related Hippocampal Activity and Predicts Memory Performance	2003	10.1523/jneurosci.23-17-06690.2003	3	2	https://doi.org/10.1523/jneurosci.23-17-06690.2003
Insular cortical circuits as an executive gateway to decipher threat or extinction memory via distinct subcortical pathways	2022	10.1038/s41467-022-33241-9	3	2	https://doi.org/10.1038/s41467-022-33241-9
The Influences of Emotion on Learning and Memory	2017	10.3389/fpsyg.2017.01454	3	2	https://doi.org/10.3389/fpsyg.2017.01454
87Sr/86Sr, δ13C and δ18O evolution of Phanerozoic seawater	1999	10.1016/s0009-2541(99)00081-9	3	3	https://doi.org/10.1016/s0009-2541(99)00081-9
A controlled-attention view of working-memory capacity.	2001	10.1037/0096-3445.130.2.169	3	3	https://doi.org/10.1037/0096-3445.130.2.169
ACERT: Agent-Based Model of Complex Life Cycle Evolution-R Tools.	2026	10.1002/ece3.74240	3	3	https://doi.org/10.1002/ece3.74240
Heuristically Adaptive Diffusion-Model Evolutionary Strategy.	2026	10.1002/advs.202511537	3	3	https://doi.org/10.1002/advs.202511537
A model for propagation of RNA structural memory through biomolecular condensates.	2025	10.1038/s41556-025-01736-4	3	4	https://doi.org/10.1038/s41556-025-01736-4
Conduction Mechanism of Valence Change Resistive Switching Memory: A Survey	2015	10.3390/electronics4030586	3	4	https://doi.org/10.3390/electronics4030586
A multi-mechanism chaotic evolution approach for 3D path planning of UAVs.	2026	10.1038/s41598-026-55825-x	3	5	https://doi.org/10.1038/s41598-026-55825-x
Environmental Stress as an Evolutionary Force	2000	10.1641/0006-3568(2000)050[0217:esaaef]2.3.co;2	3	5	https://doi.org/10.1641/0006-3568(2000)050[0217:esaaef]2.3.co;2
Evolution of anticipatory effects mediated by epigenetic changes	2022	10.1093/eep/dvac007	3	5	https://doi.org/10.1093/eep/dvac007
Mitigating catastrophic forgetting in lifelong learning: a hybrid architecture integrating neural ordinary differential equations with memory-augmented transformers.	2025	10.1038/s41598-025-31685-9	3	5	https://doi.org/10.1038/s41598-025-31685-9
The role of prefrontal cortex in working-memory capacity, executive attention, and general fluid intelligence: An individual-differences perspective	2002	10.3758/bf03196323	3	5	https://doi.org/10.3758/bf03196323
Next-Generation Manufacturing: The Evolving Role of Biocatalysis in AstraZeneca.	2026	10.1002/cbic.70489	3	6	https://doi.org/10.1002/cbic.70489
Optimal phenotypic adaptation in fluctuating environments.	2023	10.1016/j.bpj.2023.10.019	3	6	https://doi.org/10.1016/j.bpj.2023.10.019
The evolution of the host microbiome as an ecosystem on a leash	2017	10.1038/nature23292	3	6	https://doi.org/10.1038/nature23292
From early defence priming to lasting memory: developmental and seasonal dynamics in trees.	2026	10.1042/ebc20250063	3	7	https://doi.org/10.1042/ebc20250063
Learning Without Neurons: A Review of Associative Memory in Protists.	2026	10.1111/jeu.70120	3	7	https://doi.org/10.1111/jeu.70120
Memory engrams: Recalling the past and imagining the future	2020	10.1126/science.aaw4325	3	7	https://doi.org/10.1126/science.aaw4325
Do microbes have a memory? History-dependent behavior in the adaptation to variable environments	2022	10.3389/fmicb.2022.1004488	3	8	https://doi.org/10.3389/fmicb.2022.1004488
Environmental stress, adaptation and evolution: an overview	2005	10.1111/j.1420-9101.2005.00962.x	3	8	https://doi.org/10.1111/j.1420-9101.2005.00962.x
Hippocampal sharp wave‐ripple: A cognitive biomarker for episodic memory and planning	2015	10.1002/hipo.22488	3	8	https://doi.org/10.1002/hipo.22488
Environmental perception and epigenetic memory: mechanistic insight through FLC	2015	10.1111/tpj.12869	3	9	https://doi.org/10.1111/tpj.12869
Immunological drivers of zoonotic virus emergence, evolution, and endemicity.	2025	10.1016/j.immuni.2025.03.014	3	9	https://doi.org/10.1016/j.immuni.2025.03.014
Population epigenetics: deciphering DNA methylation diversity and its implications for health, disease, and evolution.	2026	10.1093/molbev/msag160	3	9	https://doi.org/10.1093/molbev/msag160
Epigenetic memory of environmental organisms: A reflection of lifetime stressor exposures	2013	10.1016/j.mrgentox.2013.10.003	3	10	https://doi.org/10.1016/j.mrgentox.2013.10.003
Memory Transformation Enhances Reinforcement Learning in Dynamic Environments	2016	10.1523/jneurosci.0763-16.2016	3	10	https://doi.org/10.1523/jneurosci.0763-16.2016
Memory shapes microbial populations.	2021	10.1371/journal.pcbi.1009431	3	10	https://doi.org/10.1371/journal.pcbi.1009431
The Evolution of Multivariate Maternal Effects	2014	10.1371/journal.pcbi.1003550	3	10	https://doi.org/10.1371/journal.pcbi.1003550
From episodes to populations: evolutionary explanation requires a constructive epistemology.	2026	10.1007/s12064-026-00485-8	3	11	https://doi.org/10.1007/s12064-026-00485-8
The Common Neural Basis of Autobiographical Memory, Prospection, Navigation, Theory of Mind, and the Default Mode: A Quantitative Meta-analysis	2008	10.1162/jocn.2008.21029	3	11	https://doi.org/10.1162/jocn.2008.21029
Ecological Memory in Plants: Epigenetic Integration of Abiotic Stress and Climate Change.	2026	10.3390/plants15040534	3	12	https://doi.org/10.3390/plants15040534
Epigenetic inheritance in adaptive evolution	2023	10.1111/nyas.14992	3	12	https://doi.org/10.1111/nyas.14992
The German Socio-Economic Panel Study (SOEP) - Scope, Evolution and Enhancements	2007	10.3790/schm.127.1.139	3	12	https://doi.org/10.3790/schm.127.1.139
The Knossian Kamares Style as Transgenerational Memory	2024	10.1007/s10816-024-09643-y	3	12	https://doi.org/10.1007/s10816-024-09643-y
The evolution of misbelief	2009	10.1017/s0140525x09990975	3	12	https://doi.org/10.1017/s0140525x09990975
Sensory-memory interactions via modular structure explain errors in visual working memory.	2024	10.7554/elife.95160	3	13	https://doi.org/10.7554/elife.95160
Autonomous policy evolution and decision robustness in hybrid learning-optimization frameworks for energy systems with distributed renewables.	2026	10.1038/s41598-026-50532-z	3	14	https://doi.org/10.1038/s41598-026-50532-z
Collective memory: between individual systems of consciousness and social systems.	2023	10.3389/fpsyg.2023.1238272	3	14	https://doi.org/10.3389/fpsyg.2023.1238272
Epigenetic memory in plants	2014	10.15252/embj.201488883	3	14	https://doi.org/10.15252/embj.201488883
HARNAS: Human Activity Recognition Based on Automatic Neural Architecture Search Using Evolutionary Algorithms.	2021	10.3390/s21206927	3	14	https://doi.org/10.3390/s21206927
Norepinephrine ignites local hotspots of neuronal excitation: How arousal amplifies selectivity in perception and memory	2015	10.1017/s0140525x15000667	3	14	https://doi.org/10.1017/s0140525x15000667
Evolution of design for sustainability: From product design to design for system innovations and transitions	2016	10.1016/j.destud.2016.09.002	3	15	https://doi.org/10.1016/j.destud.2016.09.002
Machine Learning-Assisted Low-Dimensional Electrocatalysts Design for Hydrogen Evolution Reaction	2023	10.1007/s40820-023-01192-5	3	15	https://doi.org/10.1007/s40820-023-01192-5
Memory Trace for Fear Extinction: Fragile yet Reinforceable.	2024	10.1007/s12264-023-01129-3	3	15	https://doi.org/10.1007/s12264-023-01129-3
The origin and adaptive evolution of domesticated populations of yeast from Far East Asia.	2018	10.1038/s41467-018-05106-7	3	15	https://doi.org/10.1038/s41467-018-05106-7
Differential hippocampal gene expression is associated with climate-related natural variation in memory and the hippocampus in food-caching chickadees.	2013	10.1111/mec.12146	3	16	https://doi.org/10.1111/mec.12146
Evolution of plasticity in production and transgenerational inheritance of small RNAs under dynamic environmental conditions	2021	10.1371/journal.pgen.1009581	3	16	https://doi.org/10.1371/journal.pgen.1009581
Accurate deep neural network inference using computational phase-change memory	2020	10.1038/s41467-020-16108-9	3	17	https://doi.org/10.1038/s41467-020-16108-9
Asymmetric cellular memory in bacteria exposed to antibiotics.	2017	10.1186/s12862-017-0884-4	3	17	https://doi.org/10.1186/s12862-017-0884-4
Protein Phosphatase 1 Regulates the Histone Code for Long-Term Memory	2009	10.1523/jneurosci.3610-09.2009	3	17	https://doi.org/10.1523/jneurosci.3610-09.2009
Analytical study of fractional solitons in three dimensional nonlinear evolution equation within fluid environments	2025	10.1038/s41598-025-12576-5	3	18	https://doi.org/10.1038/s41598-025-12576-5
Learning in Transcriptional Network Models: Computational Discovery of Pathway-Level Memory and Effective Interventions.	2022	10.3390/ijms24010285	3	18	https://doi.org/10.3390/ijms24010285
Population-Based Incremental Learning With Associative Memory for Dynamic Environments	2008	10.1109/tevc.2007.913070	3	18	https://doi.org/10.1109/tevc.2007.913070
The hologenome concept of evolution after 10 years	2018	10.1186/s40168-018-0457-9	3	18	https://doi.org/10.1186/s40168-018-0457-9
Adaptive contextual memory network for enhanced communication and efficiency in the internet of underwater things.	2025	10.1038/s41598-025-27569-7	3	19	https://doi.org/10.1038/s41598-025-27569-7
Evolutionary Phase Transitions in Random Environments.	2016	10.1103/physrevlett.117.038104	3	19	https://doi.org/10.1103/physrevlett.117.038104
Prolonged myelination in human neocortical evolution	2012	10.1073/pnas.1117943109	3	19	https://doi.org/10.1073/pnas.1117943109
A comparative analysis of K-Nearest Neighbor, Genetic, Support Vector Machine, Decision Tree, and Long Short Term Memory algorithms in machine learning	2022	10.1016/j.dajour.2022.100071	3	20	https://doi.org/10.1016/j.dajour.2022.100071
A hybrid evolutionary framework for efficient IoT task scheduling in fog computing.	2026	10.1038/s41598-026-52991-w	3	20	https://doi.org/10.1038/s41598-026-52991-w
Digital photography: communication, identity, memory	2008	10.1177/1470357207084865	3	20	https://doi.org/10.1177/1470357207084865
Toward a theory of evolution as multilevel learning	2022	10.1073/pnas.2120037119	3	20	https://doi.org/10.1073/pnas.2120037119
Expanded taxonomies of human memory.	2024	10.3389/fcogn.2024.1505549	3	21	https://doi.org/10.3389/fcogn.2024.1505549
Finite Memory Distributed Systems	2006	10.2202/1534-5971.1315	3	21	https://doi.org/10.2202/1534-5971.1315
Pretransplant Frequency of Donor-Specific, IFN-γ-Producing Lymphocytes Is a Manifestation of Immunologic Memory and Correlates with the Risk of Posttransplant Rejection Episodes	1999	10.4049/jimmunol.163.4.2267	3	21	https://doi.org/10.4049/jimmunol.163.4.2267
Adaptive continual botnet detection with self-supervised prototypical networks and few-shot learning for evolving botnet detection.	2026	10.3389/frai.2026.1865639	3	22	https://doi.org/10.3389/frai.2026.1865639
Functionally Distinct Neuronal Ensembles within the Memory Engram	2020	10.1016/j.cell.2020.02.055	3	22	https://doi.org/10.1016/j.cell.2020.02.055
Memory Effects on Movement Behavior in Animal Foraging	2015	10.1371/journal.pone.0136057	3	22	https://doi.org/10.1371/journal.pone.0136057
Memory-Based Deep Reinforcement Learning for Obstacle Avoidance in UAV With Limited Environment Knowledge	2019	10.1109/tits.2019.2954952	3	22	https://doi.org/10.1109/tits.2019.2954952
Detection vs. selection: integration of genetic, epigenetic and environmental cues in fluctuating environments	2016	10.1111/ele.12663	3	23	https://doi.org/10.1111/ele.12663
Resistance random access memory	2015	10.1016/j.mattod.2015.11.009	3	23	https://doi.org/10.1016/j.mattod.2015.11.009
Epigenetic inheritance in evolution	1998	10.1046/j.1420-9101.1998.11020159.x	3	24	https://doi.org/10.1046/j.1420-9101.1998.11020159.x
Fuzzy adaptive human memory optimization based optimal task scheduling in cloud computing.	2026	10.1038/s41598-026-51611-x	3	24	https://doi.org/10.1038/s41598-026-51611-x
From evolutionary computation to the evolution of things	2015	10.1038/nature14544	3	25	https://doi.org/10.1038/nature14544
Mental causation: an evolutionary perspective	2024	10.3389/fpsyg.2024.1394669	3	25	https://doi.org/10.3389/fpsyg.2024.1394669
AI-Driven Revolution of Medical Robotics Across Surgical Innovation, Rehabilitation Intelligence, and Multimodal Healthcare Delivery.	2026	10.1002/mco2.70597	3	26	https://doi.org/10.1002/mco2.70597
Analogies evolve by increasing transmission fidelity in the communication of complex information.	2026	10.1017/ehs.2026.10063	3	26	https://doi.org/10.1017/ehs.2026.10063
Dehydration Stress Memory Genes in Tomato (&lt;i&gt;Solanum lycopersicum&lt;/i&gt; L.).	2026	10.3390/ijms27146187	3	26	https://doi.org/10.3390/ijms27146187
Evolutionary learning of adaptation to varying environments through a transgenerational feedback.	2016	10.1073/pnas.1608756113	3	26	https://doi.org/10.1073/pnas.1608756113
Impaired spatial working memory but spared spatial reference memory following functional loss of NMDA receptors in the dentate gyrus	2007	10.1111/j.1460-9568.2007.05312.x	3	26	https://doi.org/10.1111/j.1460-9568.2007.05312.x
New memory-one strategies of the Iterated Prisoner’s Dilemma: a new framework to programmed human-AI interaction	2024	10.1007/s44202-024-00133-6	3	26	https://doi.org/10.1007/s44202-024-00133-6
The role of the hippocampus in navigation is memory	2017	10.1152/jn.00005.2017	3	26	https://doi.org/10.1152/jn.00005.2017
Heterogeneity in microbial antibiotic responses: genetic basis and within-host evolution.	2026	10.1016/j.tig.2026.03.008	3	27	https://doi.org/10.1016/j.tig.2026.03.008
Natural variation in learning rate and memory dynamics in parasitoid wasps: opportunities for converging ecology and neuroscience	2010	10.1098/rspb.2010.2199	3	27	https://doi.org/10.1098/rspb.2010.2199
On the Evolution of Overconfidence and Entrepreneurs	2001	10.1111/j.1430-9134.2001.00301.x	3	27	https://doi.org/10.1111/j.1430-9134.2001.00301.x
Three epigenetic information channels and their different roles in evolution	2011	10.1111/j.1420-9101.2011.02235.x	3	27	https://doi.org/10.1111/j.1420-9101.2011.02235.x
Hyperosmotic priming of Arabidopsis seedlings establishes a long-term somatic memory accompanied by specific changes of the epigenome	2013	10.1186/gb-2013-14-6-r59	3	28	https://doi.org/10.1186/gb-2013-14-6-r59
Acetylation as a dynamic regulatory interface between plant stress memory, cross-tolerance, and crop resilience design.	2026	10.3389/fpls.2026.1869320	3	29	https://doi.org/10.3389/fpls.2026.1869320
Host–parasite coevolution and patterns of adaptation across time and space	2008	10.1111/j.1420-9101.2008.01598.x	3	29	https://doi.org/10.1111/j.1420-9101.2008.01598.x
A new intuitionism: Meaning, memory, and development in Fuzzy-Trace Theory	2012	10.1017/s1930297500002291	3	30	https://doi.org/10.1017/s1930297500002291
The Dynamics and Evolution of Industries	1996	10.1093/icc/5.1.51	3	30	https://doi.org/10.1093/icc/5.1.51
The Myelin Sheath as a Multilamellar Electromechanical System: Bilayer Stack Analogs, Energy Buffering, and Biological Memory.	2026	10.3390/membranes16090285	3	30	https://doi.org/10.3390/membranes16090285
Memory problems in dementia: adaptation and coping strategies and psychosocial treatments	2011	10.1586/ern.11.167	3	31	https://doi.org/10.1586/ern.11.167
Evolution of artificial intelligence research in Technological Forecasting and Social Change: Research topics, trends, and future directions	2023	10.1016/j.techfore.2023.122579	3	32	https://doi.org/10.1016/j.techfore.2023.122579
Evolution of Non-Terrestrial Networks From 5G to 6G: A Survey	2022	10.1109/comst.2022.3199901	3	35	https://doi.org/10.1109/comst.2022.3199901
Worth a glance: using eye movements to investigate the cognitive neuroscience of memory	2010	10.3389/fnhum.2010.00166	3	35	https://doi.org/10.3389/fnhum.2010.00166
Beyond Cognitive Load Theory: Why Learning Needs More than Memory Management.	2026	10.3390/brainsci16010109	3	36	https://doi.org/10.3390/brainsci16010109
Bistability in a metabolic network underpins the de novo evolution of colony switching in Pseudomonas fluorescens.	2015	10.1371/journal.pbio.1002109	3	36	https://doi.org/10.1371/journal.pbio.1002109
Decades-long social memory in bottlenose dolphins	2013	10.1098/rspb.2013.1726	3	36	https://doi.org/10.1098/rspb.2013.1726
Memory B Cells are Major Targets for Effective Immunotherapy in Relapsing Multiple Sclerosis	2017	10.1016/j.ebiom.2017.01.042	3	36	https://doi.org/10.1016/j.ebiom.2017.01.042
The philosophy of memory technologies: Metaphysics, knowledge, and values	2017	10.1177/1750698017703810	3	36	https://doi.org/10.1177/1750698017703810
Memory through metamorphosis in normal and mutant Drosophila	1994	10.1523/jneurosci.14-01-00068.1994	3	37	https://doi.org/10.1523/jneurosci.14-01-00068.1994
Rethinking TYK2 P1104A: a flawed evolutionary trade-off in tuberculosis?	2026	10.3389/fimmu.2026.1845279	3	37	https://doi.org/10.3389/fimmu.2026.1845279
A brain-edge co-evolution framework for zero-trust real-time hot patching in power equipment.	2026	10.1038/s41598-026-45643-6	3	38	https://doi.org/10.1038/s41598-026-45643-6
Differential Evolution Markov Chain with snooker updater and fewer chains	2008	10.1007/s11222-008-9104-9	3	38	https://doi.org/10.1007/s11222-008-9104-9
Influence of reward motivation on human declarative memory	2015	10.1016/j.neubiorev.2015.11.015	3	38	https://doi.org/10.1016/j.neubiorev.2015.11.015
A Comprehensive Survey of Few-shot Learning: Evolution, Applications, Challenges, and Opportunities	2023	10.1145/3582688	3	39	https://doi.org/10.1145/3582688
From Computer Metaphor to Computational Modeling: The Evolution of Computationalism	2018	10.1007/s11023-018-9468-3	3	39	https://doi.org/10.1007/s11023-018-9468-3
The Role of Reconsolidation and the Dynamic Process of Long-Term Memory Formation and Storage	2011	10.3389/fnbeh.2011.00012	3	39	https://doi.org/10.3389/fnbeh.2011.00012
TEVSER: a theory of evolving self-representations.	2026	10.3389/fnhum.2026.1858621	3	40	https://doi.org/10.3389/fnhum.2026.1858621
Distinct cellular pathways select germline-encoded and somatically mutated antibodies into immunological memory	2012	10.1084/jem.20120127	3	41	https://doi.org/10.1084/jem.20120127
Establishment of an induced memory response in Pseudomonas aeruginosa during infection of a eukaryotic host	2019	10.1038/s41396-019-0412-1	3	41	https://doi.org/10.1038/s41396-019-0412-1
Facilitated Variation: How Evolution Learns from Past Environments To Generalize to New Environments	2008	10.1371/journal.pcbi.1000206	3	41	https://doi.org/10.1371/journal.pcbi.1000206
The future of power forecasting: neuromorphic-axolotl hybrid intelligence revolutionizing grid operations through bio-inspired missing data mastery.	2026	10.1038/s41598-026-46498-7	3	41	https://doi.org/10.1038/s41598-026-46498-7
Engram neurons: Encoding, consolidation, retrieval, and forgetting of memory	2023	10.1038/s41380-023-02137-5	3	42	https://doi.org/10.1038/s41380-023-02137-5
Transactive Memory Systems: A Microfoundation of Dynamic Capabilities	2012	10.1111/j.1467-6486.2012.01077.x	3	42	https://doi.org/10.1111/j.1467-6486.2012.01077.x
Environmentally induced phenotypes and DNA methylation: how to deal with unpredictable conditions until the next generation and after	2010	10.1111/j.1365-294x.2010.04580.x	3	43	https://doi.org/10.1111/j.1365-294x.2010.04580.x
The Evolution of Compact Binary Star Systems	2014	10.12942/lrr-2014-3	3	43	https://doi.org/10.12942/lrr-2014-3
A mathematical model of the evolution of individual differences in developmental plasticity arising through parental bet‐hedging	2015	10.1111/desc.12309	3	44	https://doi.org/10.1111/desc.12309
Autonomous robots with socially-aware navigation using memory-assisted deep reinforcement learning.	2026	10.1038/s41598-026-42026-9	3	44	https://doi.org/10.1038/s41598-026-42026-9
A Survey on Blockchain Technology: Evolution, Architecture and Security	2021	10.1109/access.2021.3072849	3	45	https://doi.org/10.1109/access.2021.3072849
Deep Reinforcement Learning Versus Evolution Strategies: A Comparative Survey	2023	10.1109/tnnls.2023.3264540	3	45	https://doi.org/10.1109/tnnls.2023.3264540
The spotted gar genome illuminates vertebrate evolution and facilitates human-teleost comparisons	2016	10.1038/ng.3526	3	46	https://doi.org/10.1038/ng.3526
Quantifying the impact of ecological memory on the dynamics of interacting communities	2022	10.1371/journal.pcbi.1009396	3	47	https://doi.org/10.1371/journal.pcbi.1009396
Reciprocal pilferage and the evolution of food-hoarding behavior	2003	10.1093/beheco/arg064	3	47	https://doi.org/10.1093/beheco/arg064
The psychology of memory, extended cognition, and socially distributed remembering	2010	10.1007/s11097-010-9182-y	3	47	https://doi.org/10.1007/s11097-010-9182-y
Responding to Structural Industry Changes: A Technological Evolution Perspective	1997	10.1093/icc/6.1.183	3	48	https://doi.org/10.1093/icc/6.1.183
Transgenerational Stress Memory Is Not a General Response in Arabidopsis	2009	10.1371/journal.pone.0005202	3	48	https://doi.org/10.1371/journal.pone.0005202
Evolution of heat‐shock protein expression underlying adaptive responses to environmental stress	2018	10.1111/mec.14769	3	49	https://doi.org/10.1111/mec.14769
Integrated Information Increases with Fitness in the Evolution of Animats	2011	10.1371/journal.pcbi.1002236	3	49	https://doi.org/10.1371/journal.pcbi.1002236
Living on the edge: the evolution of spatial cognition in food-caching chickadees.	2025	10.1098/rstb.2024.0120	3	49	https://doi.org/10.1098/rstb.2024.0120
The Evolution of Flexible Electronics: From Nature, Beyond Nature, and To Nature	2020	10.1002/advs.202001116	3	50	https://doi.org/10.1002/advs.202001116
The temporal orientation of memory: It's time for a change of direction.	2013	10.1016/j.jarmac.2013.08.001	3	50	https://doi.org/10.1016/j.jarmac.2013.08.001
Reframing neuroergonomics in an evolutionary and active inference context.	2026	10.3389/fnrgo.2026.1796721	3	51	https://doi.org/10.3389/fnrgo.2026.1796721
Finding balance: the dynamic interplay between H3K27me3 writers and erasers in regulating environmental plasticity and memory.	2026	10.1111/nph.70815	3	52	https://doi.org/10.1111/nph.70815
Multiple roads to IgE memory: A pluralistic model of IgE immunity.	2026	10.1016/j.celrep.2026.117312	3	58	https://doi.org/10.1016/j.celrep.2026.117312
Evolutionary mechanisms underlying bacterial adaptation to the plant environment.	2026	10.1093/femsre/fuag005	3	59	https://doi.org/10.1093/femsre/fuag005
The Early Emotional Bond: An Evolutionary-Developmental Perspective Integrating Psychoanalysis, Neuroscience, and Cross-Cultural Evidence.	2026	10.3390/brainsci16040355	3	63	https://doi.org/10.3390/brainsci16040355
Evolution of networks in virtual reality: A scalable framework for studying social dynamics of small groups.	2026	10.1371/journal.pone.0355470	3	72	https://doi.org/10.1371/journal.pone.0355470
The Deep Learning Evolution in Wireless Physical Layer Communications: Applications, Challenges, and Evolutionary Directions.	2026	10.3390/s26113609	3	75	https://doi.org/10.3390/s26113609
Ferroelectric Devices for In-Memory and In-Sensor Computing.	2026	10.1002/advs.202600007	3	76	https://doi.org/10.1002/advs.202600007
Evolutionary diversification via modular compliance for self-reconfigurable continuum robots.	2026	10.1126/sciadv.aeg9191	3	78	https://doi.org/10.1126/sciadv.aeg9191
Balance Between Order and Disorder: Quantum-Epigenetic Pathways for the Emergence and Continuous Evolution of Life.	2026	10.1007/s10441-026-09541-8	3	79	https://doi.org/10.1007/s10441-026-09541-8
DNA Methylation Dynamics in Plant Abiotic Stress Response: Mechanisms, Memory, and Breeding Applications.	2026	10.3390/genes17030301	3	79	https://doi.org/10.3390/genes17030301
Phenomenological Modeling of Shape Memory Alloys: A Review of Macroscopic Approaches.	2025	10.3390/mi16111300	3	79	https://doi.org/10.3390/mi16111300
Abyssal hydrothermal alteration drives the evolution from simple alkanes to prebiotic molecular complexity.	2026	10.1038/s41467-026-68745-1	3	82	https://doi.org/10.1038/s41467-026-68745-1
Interplay between obesity-associated insulin resistance and immune system through the lens of evolutionary medicine.	2026	10.1016/j.molmet.2026.102335	3	93	https://doi.org/10.1016/j.molmet.2026.102335
Biomolecular Condensates in Combined and Recurrent Plant Stresses: Integrating Phase Separation, Signal Prioritization, and Cross-Stress Memory.	2026	10.3390/ijms27104520	3	95	https://doi.org/10.3390/ijms27104520
What if eye...? Computationally recreating vision evolution	2025		3	96	https://europepmc.org/article/MED/PMC12710701
Machine learning for evolutionary genetics and molecular evolution.	2026	10.1016/j.tig.2026.01.013	3	97	https://doi.org/10.1016/j.tig.2026.01.013
ETDACVO: Structural-Fidelity-Aware Evolutionary Co-Optimization for Robust and Explainable Brain Tumor MRI Classification.	2026	10.3390/biomedicines14071475	3	98	https://doi.org/10.3390/biomedicines14071475
